id,description,raw_score,delta_score,threshold,pred_label
TP53_R136H,TP53_R136H,-229.04376653710648,-19.877570377431198,-44.13000854388352,PATHOGENIC
TP53_R209Q,TP53_R209Q,-205.90860537145022,-43.012731543087455,-44.13000854388352,PATHOGENIC
TP53_V235I,TP53_V235I,-202.78939204112518,-46.13194487341249,-44.13000854388352,BENIGN
TP53_N196S,TP53_N196S,-201.6286279911305,-47.29270892340719,-44.13000854388352,BENIGN
TP53_E12D,TP53_E12D,-202.65993397388826,-46.26140294064942,-44.13000854388352,BENIGN
TP53_R26L,TP53_R26L,-203.11766751054216,-45.803669403995514,-44.13000854388352,BENIGN
TP53_P4L,TP53_P4L,-200.33265626830388,-48.5886806462338,-44.13000854388352,BENIGN
TP53_M345T,TP53_M345T,-205.28141615868205,-43.63992075585563,-44.13000854388352,PATHOGENIC
